DATE,TotalVehicleSales,LightWeightVehicleSales:AutosandLightTrucks,LightWeightVehicleSales,MotorVehicleRetailSales:LightWeightTrucks,MotorVehicleRetailSales:HeavyWeightTrucks,MotorVehicleRetailSales:DomesticAutos,MotorVehicleRetailSales:DomesticLightWeightTrucks,MotorVehicleRetailSales:ForeignAutos,MotorVehicleRetailSales:ForeignLightWeightTrucks
1/1/1967,0,0,0,0,0.359,7.837,1.235,0.629,0
2/1/1967,0,0,0,0,0.304,6.85,1.138,0.69,0
3/1/1967,0,0,0,0,0.359,7.22,1.237,0.74,0
4/1/1967,0,0,0,0,0.343,8.164,1.204,0.746,0
5/1/1967,0,0,0,0,0.344,7.961,1.184,0.782,0
6/1/1967,0,0,0,0,0.335,8.186,1.24,0.786,0
7/1/1967,0,0,0,0,0.33,7.939,1.237,0.812,0
8/1/1967,0,0,0,0,0.325,7.295,1.206,0.816,0
9/1/1967,0,0,0,0,0.317,7.764,1.417,0.802,0
10/1/1967,0,0,0,0,0.317,7.052,1.053,0.805,0
11/1/1967,0,0,0,0,0.312,6.766,0.988,0.851,0
12/1/1967,0,0,0,0,0.308,7.78,1.273,0.89,0
1/1/1968,0,0,0,0,0.321,8.526,1.332,0.956,0
2/1/1968,0,0,0,0,0.321,8.035,1.304,0.995,0
3/1/1968,0,0,0,0,0.37,8.743,1.566,1.004,0
4/1/1968,0,0,0,0,0.329,8.153,1.38,0.966,0
5/1/1968,0,0,0,0,0.353,8.694,1.473,0.976,0
6/1/1968,0,0,0,0,0.332,8.413,1.375,1.002,0
7/1/1968,0,0,0,0,0.352,8.996,1.45,1.024,0
8/1/1968,0,0,0,0,0.335,8.994,1.465,1.015,0
9/1/1968,0,0,0,0,0.327,8.702,1.46,1.21,0
10/1/1968,0,0,0,0,0.338,8.96,1.584,1.081,0
11/1/1968,0,0,0,0,0.368,8.638,1.592,1.058,0
12/1/1968,0,0,0,0,0.366,8.642,1.571,1.07,0
1/1/1969,0,0,0,0,0.377,8.85,1.567,1.118,0
2/1/1969,0,0,0,0,0.386,8.869,1.632,0.872,0
3/1/1969,0,0,0,0,0.376,8.356,1.528,1.026,0
4/1/1969,0,0,0,0,0.382,8.5,1.543,1.134,0
5/1/1969,0,0,0,0,0.376,8.51,1.518,1.168,0
6/1/1969,0,0,0,0,0.388,8.489,1.488,1.086,0
7/1/1969,0,0,0,0,0.371,8.065,1.424,1.067,0
8/1/1969,0,0,0,0,0.394,8.45,1.566,1.13,0
9/1/1969,0,0,0,0,0.39,8.975,1.605,1.158,0
10/1/1969,0,0,0,0,0.392,8.642,1.567,1.234,0
11/1/1969,0,0,0,0,0.379,8.062,1.556,1.241,0
12/1/1969,0,0,0,0,0.398,7.804,1.63,1.175,0
1/1/1970,0,0,0,0,0.332,7.394,1.478,1.129,0
2/1/1970,0,0,0,0,0.379,7.944,1.478,1.19,0
3/1/1970,0,0,0,0,0.351,7.444,1.386,1.15,0
4/1/1970,0,0,0,0,0.347,7.742,1.403,1.189,0
5/1/1970,0,0,0,0,0.336,7.668,1.419,1.286,0
6/1/1970,0,0,0,0,0.359,8.054,1.563,1.292,0
7/1/1970,0,0,0,0,0.33,7.72,1.529,1.33,0
8/1/1970,0,0,0,0,0.34,7.595,1.536,1.256,0
9/1/1970,0,0,0,0,0.351,7.763,1.636,1.1,0
10/1/1970,0,0,0,0,0.334,5.981,1.347,1.488,0
11/1/1970,0,0,0,0,0.292,4.944,1.082,1.415,0
12/1/1970,0,0,0,0,0.272,5.184,1.043,1.572,0
1/1/1971,0,0,0,0,0.304,8.255,1.41,1.5,0
2/1/1971,0,0,0,0,0.307,8.305,1.436,1.517,0
3/1/1971,0,0,0,0,0.309,8.749,1.532,1.597,0
4/1/1971,0,0,0,0,0.322,8.296,1.672,1.664,0
5/1/1971,0,0,0,0,0.32,8.164,1.571,1.609,0
6/1/1971,0,0,0,0,0.336,8.423,1.625,1.674,0
7/1/1971,0,0,0,0,0.346,7.883,1.695,1.68,0
8/1/1971,0,0,0,0,0.32,8.27,1.641,1.74,0
9/1/1971,0,0,0,0,0.367,9.964,1.81,1.542,0
10/1/1971,0,0,0,0,0.374,9.684,1.982,1.469,0
11/1/1971,0,0,0,0,0.384,9.21,2.07,1.474,0
12/1/1971,0,0,0,0,0.373,8.74,1.956,1.326,0
1/1/1972,0,0,0,0,0.411,8.838,1.979,1.525,0
2/1/1972,0,0,0,0,0.412,9.076,2.297,1.477,0
3/1/1972,0,0,0,0,0.398,8.962,2.094,1.536,0
4/1/1972,0,0,0,0,0.422,9.109,2.122,1.48,0
5/1/1972,0,0,0,0,0.44,9.262,2.19,1.537,0
6/1/1972,0,0,0,0,0.425,9.02,2.171,1.546,0
7/1/1972,0,0,0,0,0.453,9.142,1.993,1.558,0
8/1/1972,0,0,0,0,0.443,9.32,1.85,1.598,0
9/1/1972,0,0,0,0,0.42,9.118,1.944,1.682,0
10/1/1972,0,0,0,0,0.44,9.521,2.124,1.712,0
11/1/1972,0,0,0,0,0.488,9.744,2.346,1.862,0
12/1/1972,0,0,0,0,0.494,9.92,2.284,1.934,0
1/1/1973,0,0,0,0,0.502,10.136,2.638,1.817,0
2/1/1973,0,0,0,0,0.489,10.208,2.572,1.913,0
3/1/1973,0,0,0,0,0.56,10.918,2.91,1.92,0
4/1/1973,0,0,0,0,0.522,10.463,2.401,1.88,0
5/1/1973,0,0,0,0,0.533,10.614,2.435,1.792,0
6/1/1973,0,0,0,0,0.495,9.73,2.284,1.9,0
7/1/1973,0,0,0,0,0.474,9.622,2.512,1.73,0
8/1/1973,0,0,0,0,0.458,9.367,2.495,1.554,0
9/1/1973,0,0,0,0,0.47,9.629,2.48,1.498,0
10/1/1973,0,0,0,0,0.452,8.278,2.454,1.472,0
11/1/1973,0,0,0,0,0.491,8.267,2.475,1.883,0
12/1/1973,0,0,0,0,0.492,7.832,2.499,1.78,0
1/1/1974,0,0,0,0,0.424,7.93,2.054,1.669,0
2/1/1974,0,0,0,0,0.448,7.612,2.157,1.519,0
3/1/1974,0,0,0,0,0.447,7.77,2.298,1.399,0
4/1/1974,0,0,0,0,0.47,7.794,2.345,1.259,0
5/1/1974,0,0,0,0,0.432,7.778,2.349,1.213,0
6/1/1974,0,0,0,0,0.444,7.669,2.382,1.252,0
7/1/1974,0,0,0,0,0.353,7.576,2.273,1.324,0
8/1/1974,0,0,0,0,0.411,8.896,2.831,1.476,0
9/1/1974,0,0,0,0,0.475,7.314,2.161,1.649,0
10/1/1974,0,0,0,0,0.39,6.356,1.719,1.582,0
11/1/1974,0,0,0,0,0.379,5.603,1.711,1.457,0
12/1/1974,0,0,0,0,0.415,6.044,1.836,1.145,0
1/1/1975,0,0,0,0,0.334,6.386,1.681,1.571,0
2/1/1975,0,0,0,0,0.321,7.162,1.665,1.949,0
3/1/1975,0,0,0,0,0.3,5.998,1.608,1.614,0
4/1/1975,0,0,0,0,0.282,5.716,1.846,1.571,0
5/1/1975,0,0,0,0,0.281,6.269,1.985,1.454,0
6/1/1975,0,0,0,0,0.28,6.361,1.972,1.684,0
7/1/1975,0,0,0,0,0.309,7.279,2.141,1.702,0
8/1/1975,0,0,0,0,0.307,7.094,2.182,1.624,0
9/1/1975,0,0,0,0,0.31,7.504,2.309,1.595,0
10/1/1975,0,0,0,0,0.316,7.62,2.345,1.468,0
11/1/1975,0,0,0,0,0.288,7.895,2.508,1.37,0
12/1/1975,0,0,0,0,0.252,8.128,2.419,1.442,0
1/1/1976,12.814,12.512,864.6,2.771,0.302,8.453,2.589,1.288,0.182
2/1/1976,13.34,13.044,973.3,2.912,0.296,8.723,2.73,1.409,0.182
3/1/1976,13.378,13.085,1216.1,2.885,0.293,8.812,2.704,1.388,0.181
4/1/1976,13.223,12.915,1163.2,2.916,0.308,8.626,2.713,1.373,0.203
5/1/1976,12.962,12.645,1176.1,2.884,0.317,8.386,2.676,1.375,0.208
6/1/1976,13.051,12.727,1224.9,2.943,0.324,8.43,2.704,1.354,0.239
7/1/1976,13.466,13.122,1130.1,3.14,0.344,8.549,2.887,1.433,0.253
8/1/1976,12.953,12.594,994.9,3.08,0.359,7.99,2.791,1.524,0.289
9/1/1976,13.61,13.209,1024.9,3.065,0.401,8.452,2.786,1.692,0.279
10/1/1976,12.823,12.537,1103.7,2.968,0.286,7.71,2.672,1.859,0.296
11/1/1976,13.332,13.006,1062,2.974,0.326,8.279,2.696,1.753,0.278
12/1/1976,14.527,14.197,1036,3.123,0.33,9.497,2.847,1.577,0.276
1/1/1977,14.396,14.019,945,3.303,0.377,8.945,2.99,1.771,0.313
2/1/1977,14.709,14.335,1065.4,3.446,0.374,9.024,3.108,1.865,0.338
3/1/1977,15.17,14.782,1414,3.489,0.388,9.391,3.229,1.902,0.26
4/1/1977,15.135,14.753,1320.3,3.491,0.382,8.95,3.146,2.312,0.345
5/1/1977,14.984,14.605,1344.7,3.385,0.379,8.87,3.022,2.35,0.363
6/1/1977,14.952,14.571,1424.5,3.245,0.381,9.178,2.911,2.148,0.334
7/1/1977,14.641,14.306,1171.3,3.266,0.335,8.861,2.926,2.179,0.34
8/1/1977,14.859,14.488,1201.2,3.364,0.371,8.988,3.028,2.136,0.336
9/1/1977,14.65,14.274,1073.8,3.438,0.376,8.749,3.105,2.087,0.333
10/1/1977,14.9,14.511,1306.5,3.577,0.389,8.982,3.264,1.952,0.313
11/1/1977,14.799,14.396,1154.1,3.587,0.403,8.732,3.284,2.077,0.303
12/1/1977,15.175,14.789,1061.1,3.687,0.386,8.984,3.383,2.118,0.304
1/1/1978,13.704,13.334,906.2,3.264,0.37,8.044,2.983,2.026,0.281
2/1/1978,14.363,13.969,1043.2,3.519,0.394,8.543,3.237,1.907,0.282
3/1/1978,15.166,14.714,1436.5,3.761,0.452,8.96,3.448,1.993,0.313
4/1/1978,16.198,15.757,1368.4,3.971,0.441,9.751,3.674,2.035,0.297
5/1/1978,16.298,15.83,1516.6,4.026,0.468,9.788,3.726,2.016,0.3
6/1/1978,16.348,15.868,1505.5,4.057,0.48,9.742,3.74,2.069,0.317
7/1/1978,15.528,15.086,1248.7,4.019,0.442,9.091,3.706,1.976,0.313
8/1/1978,16.045,15.676,1283.9,4.022,0.369,9.571,3.698,2.083,0.324
9/1/1978,14.641,14.195,1067.4,3.4,0.446,8.725,3.034,2.07,0.366
10/1/1978,15.845,15.391,1356.5,3.989,0.454,9.38,3.558,2.022,0.431
11/1/1978,15.484,15.015,1216.6,3.915,0.469,9.132,3.49,1.968,0.425
12/1/1978,15.338,14.839,1031.5,3.764,0.499,9.239,3.33,1.836,0.434
1/1/1979,15.061,14.626,1046.3,3.663,0.435,9.026,3.306,1.937,0.357
2/1/1979,15.321,14.856,1115.3,3.586,0.465,9.176,3.17,2.094,0.416
3/1/1979,15.275,14.839,1441.9,3.468,0.436,8.791,2.996,2.58,0.472
4/1/1979,14.742,14.304,1266.4,3.415,0.438,8.374,2.836,2.515,0.579
5/1/1979,14.374,13.966,1337.1,3.168,0.408,8.236,2.635,2.562,0.533
6/1/1979,12.744,12.363,1149.8,2.748,0.381,7.291,2.26,2.324,0.488
7/1/1979,14.112,13.712,1127.6,3.099,0.4,8.328,2.622,2.285,0.477
8/1/1979,14.344,13.999,1176.2,3.193,0.345,8.586,2.772,2.22,0.421
9/1/1979,14.292,13.953,1002.6,3.238,0.339,8.485,2.839,2.23,0.399
10/1/1979,13.112,12.733,1163.3,3.143,0.379,7.321,2.7,2.269,0.443
11/1/1979,13.025,12.667,994.5,2.945,0.358,7.33,2.432,2.392,0.513
12/1/1979,13.496,13.198,937.4,2.844,0.298,7.817,2.313,2.537,0.531
1/1/1980,14.439,14.115,1017.8,2.789,0.324,8.345,2.187,2.981,0.602
2/1/1980,13.276,12.967,1015.5,2.49,0.309,7.862,1.929,2.615,0.561
3/1/1980,12.077,11.797,1116.1,2.274,0.28,7.139,1.789,2.384,0.485
4/1/1980,10.444,10.198,924.5,2.092,0.246,5.923,1.617,2.183,0.475
5/1/1980,9.54,9.31,873.8,1.96,0.23,5.324,1.547,2.026,0.413
6/1/1980,10.449,10.181,909.5,2.232,0.268,5.753,1.767,2.196,0.465
7/1/1980,11.664,11.381,979.4,2.434,0.283,6.445,1.919,2.502,0.515
8/1/1980,11.154,10.86,859.1,2.201,0.294,6.432,1.679,2.227,0.522
9/1/1980,10.912,10.622,823.5,1.921,0.29,6.372,1.433,2.329,0.488
10/1/1980,11.412,11.146,1019.3,2.057,0.266,6.631,1.593,2.458,0.464
11/1/1980,11.257,11.014,855,2.107,0.243,6.463,1.704,2.444,0.403
12/1/1980,10.939,10.718,804,1.97,0.221,6.287,1.603,2.461,0.367
1/1/1981,11.282,11.036,795.4,1.993,0.246,6.563,1.575,2.48,0.418
2/1/1981,12.351,12.116,932.3,2.084,0.235,7.397,1.618,2.635,0.466
3/1/1981,12.427,12.185,1156.9,1.984,0.242,7.65,1.521,2.551,0.463
4/1/1981,10.49,10.212,937.5,2.122,0.278,5.738,1.621,2.352,0.501
5/1/1981,10.354,10.136,914.7,2.066,0.218,5.796,1.629,2.274,0.437
6/1/1981,10.415,10.205,924.2,2.129,0.21,5.779,1.656,2.297,0.473
7/1/1981,10.428,10.206,875.4,2.012,0.222,5.856,1.583,2.338,0.429
8/1/1981,12.681,12.457,990.1,2.399,0.224,7.81,1.933,2.248,0.466
9/1/1981,11.08,10.863,846.6,2.009,0.217,6.726,1.557,2.128,0.452
10/1/1981,9.418,9.209,803.7,1.928,0.209,5.131,1.532,2.15,0.396
11/1/1981,9.494,9.294,730.3,1.949,0.2,5.138,1.525,2.207,0.424
12/1/1981,9.055,8.849,656.5,1.68,0.206,4.921,1.275,2.248,0.405
1/1/1982,10.285,10.075,698.4,2.28,0.21,5.348,1.879,2.447,0.401
2/1/1982,10.924,10.725,826.3,2.409,0.199,6.248,2.03,2.068,0.379
3/1/1982,10.651,10.457,1039.4,2.565,0.194,5.868,2.147,2.024,0.418
4/1/1982,9.747,9.541,858.3,2.215,0.206,5.471,1.877,1.855,0.338
5/1/1982,11.103,10.9,1003.2,2.49,0.203,6.383,2.117,2.027,0.373
6/1/1982,9.613,9.42,851.3,2.108,0.193,5.13,1.754,2.182,0.354
7/1/1982,9.759,9.585,810.9,2.206,0.174,5.184,1.815,2.195,0.391
8/1/1982,9.947,9.779,779.9,2.24,0.168,5.35,1.875,2.189,0.365
9/1/1982,11.129,10.958,876.4,2.51,0.171,6.182,2.102,2.266,0.408
10/1/1982,10.14,9.981,827.5,2.272,0.159,5.328,1.729,2.381,0.543
11/1/1982,12.03,11.866,961,2.87,0.164,6.478,2.346,2.518,0.524
12/1/1982,11.249,11.073,824.7,2.441,0.176,6.128,1.978,2.504,0.463
1/1/1983,10.865,10.688,775.8,2.424,0.177,5.78,1.976,2.484,0.448
2/1/1983,10.608,10.441,809.8,2.265,0.167,5.992,1.946,2.184,0.319
3/1/1983,11.023,10.832,1084.6,2.54,0.191,6.084,2.14,2.208,0.4
4/1/1983,11.673,11.507,997.1,2.784,0.166,6.538,2.371,2.185,0.413
5/1/1983,12.028,11.865,1096,2.803,0.163,6.814,2.359,2.248,0.444
6/1/1983,12.96,12.785,1189.5,2.989,0.175,7.254,2.486,2.542,0.503
7/1/1983,12.917,12.733,1034.9,3.063,0.184,7.202,2.548,2.468,0.515
8/1/1983,12.246,12.048,976.4,3.009,0.198,6.725,2.467,2.314,0.542
9/1/1983,12.451,12.258,963.7,3.258,0.193,6.874,2.719,2.126,0.539
10/1/1983,13.311,13.103,1108.7,3.192,0.208,7.162,2.765,2.749,0.427
11/1/1983,13.125,12.899,1035.6,3.29,0.226,7.07,2.832,2.539,0.458
12/1/1983,14.503,14.278,1035,3.675,0.225,8.023,3.154,2.58,0.521
1/1/1984,14.21,13.998,1041,3.567,0.212,7.879,3.049,2.552,0.518
2/1/1984,14.381,14.13,1140.3,3.561,0.251,8.239,2.99,2.33,0.571
3/1/1984,14.21,13.967,1329.7,3.731,0.243,7.952,3.151,2.284,0.58
4/1/1984,14.357,14.094,1222.1,3.828,0.263,8.018,3.263,2.248,0.565
5/1/1984,14.856,14.569,1426.5,3.867,0.287,8.154,3.236,2.548,0.631
6/1/1984,14.673,14.394,1290.7,3.861,0.279,8.035,3.209,2.498,0.652
7/1/1984,14.758,14.455,1210.2,3.922,0.303,8.198,3.367,2.335,0.555
8/1/1984,14.279,14.006,1106.6,3.775,0.273,7.849,3.138,2.382,0.637
9/1/1984,13.959,13.662,1028.9,3.634,0.297,7.645,3.121,2.383,0.513
10/1/1984,14.642,14.342,1240.2,4.153,0.3,7.604,3.482,2.585,0.671
11/1/1984,14.774,14.444,1118.7,4.125,0.33,7.774,3.44,2.545,0.685
12/1/1984,14.602,14.306,1050.2,3.661,0.296,8.071,2.936,2.574,0.725
1/1/1985,15.563,15.265,1174,4.507,0.298,8.244,3.658,2.514,0.849
2/1/1985,15.724,15.432,1190.3,4.593,0.292,8.308,3.787,2.531,0.806
3/1/1985,15.358,15.049,1364.2,4.304,0.309,8.38,3.568,2.365,0.736
4/1/1985,15.521,15.224,1352.9,4.282,0.297,8.474,3.415,2.468,0.867
5/1/1985,15.561,15.27,1472.9,4.191,0.291,8.227,3.338,2.852,0.853
6/1/1985,15.093,14.8,1307.2,4.372,0.293,7.651,3.587,2.777,0.785
7/1/1985,15.498,15.222,1312.6,4.851,0.276,7.532,3.749,2.839,1.102
8/1/1985,16.91,16.633,1323,4.393,0.277,9.412,3.748,2.828,0.645
9/1/1985,19.104,18.809,1438.7,4.661,0.295,11.239,3.867,2.909,0.794
10/1/1985,14.185,13.887,1217,4.407,0.298,6.462,3.575,3.018,0.832
11/1/1985,14.622,14.333,1101,4.505,0.289,6.772,3.685,3.056,0.82
12/1/1985,15.711,15.387,1171.3,4.507,0.324,7.754,3.626,3.126,0.881
1/1/1986,16.06,15.781,1193,4.318,0.279,8.498,3.473,2.965,0.845
2/1/1986,15.371,15.126,1164.8,4.328,0.245,7.836,3.413,2.962,0.915
3/1/1986,14.161,13.9,1274.5,4.022,0.261,6.928,3.073,2.95,0.949
4/1/1986,15.849,15.579,1364.8,4.577,0.27,7.844,3.602,3.158,0.975
5/1/1986,16.302,16.038,1507.1,4.715,0.264,8.192,3.784,3.131,0.931
6/1/1986,15.92,15.637,1401.2,4.468,0.283,8.176,3.604,2.993,0.864
7/1/1986,15.742,15.471,1354,4.637,0.271,7.608,3.468,3.226,1.169
8/1/1986,17.285,17.01,1322.5,4.969,0.275,8.808,4.236,3.233,0.733
9/1/1986,21.495,21.221,1710.5,6.17,0.274,11.519,5.127,3.532,1.043
10/1/1986,14.793,14.516,1245.9,4.258,0.277,7.1,3.316,3.158,0.942
11/1/1986,14.822,14.545,1100.6,4.271,0.277,6.99,3.178,3.284,1.093
12/1/1986,18.079,17.782,1405.4,5.005,0.297,9.08,3.837,3.697,1.168
1/1/1987,12.414,12.155,899.8,3.785,0.259,5.846,3.008,2.524,0.777
2/1/1987,15.109,14.83,1128.6,4.626,0.279,7.184,3.69,3.02,0.936
3/1/1987,15.299,15.017,1356.9,4.678,0.282,7.403,3.727,2.936,0.951
4/1/1987,15.452,15.167,1358.2,4.802,0.285,7.423,3.751,2.942,1.051
5/1/1987,14.572,14.283,1273.8,4.62,0.289,6.853,3.68,2.81,0.94
6/1/1987,15.619,15.341,1394.5,5.071,0.278,7.172,4.035,3.098,1.036
7/1/1987,15.655,15.372,1330.9,4.852,0.283,7.274,3.893,3.246,0.959
8/1/1987,17.092,16.786,1376.4,5.024,0.306,8.266,4.112,3.496,0.912
9/1/1987,16.119,15.82,1275.6,4.692,0.299,7.706,3.803,3.422,0.889
10/1/1987,14.258,13.975,1168.3,4.739,0.283,6.025,3.862,3.211,0.877
11/1/1987,14.543,14.227,1088.1,4.678,0.316,6.419,3.908,3.13,0.77
12/1/1987,15.645,15.354,1224,4.712,0.291,7.398,3.925,3.244,0.787
1/1/1988,16.083,15.77,1100.9,4.868,0.313,7.772,4.073,3.13,0.795
2/1/1988,16.513,16.172,1282.9,5.028,0.341,7.981,4.277,3.163,0.751
3/1/1988,16.182,15.848,1474.2,5.023,0.334,7.778,4.26,3.047,0.763
4/1/1988,15.545,15.201,1303,4.8,0.344,7.31,4.116,3.091,0.684
5/1/1988,15.941,15.606,1426.5,5.057,0.335,7.548,4.343,3.001,0.714
6/1/1988,15.854,15.525,1453.4,4.755,0.329,7.717,4.082,3.053,0.673
7/1/1988,15.704,15.375,1274.7,5.013,0.329,7.456,4.312,2.906,0.701
8/1/1988,15.385,15.078,1290.7,4.789,0.307,7.3,4.119,2.989,0.67
9/1/1988,15.047,14.71,1195.4,4.75,0.337,7.051,4.092,2.909,0.658
10/1/1988,15.162,14.815,1219.7,4.927,0.347,6.966,4.291,2.922,0.636
11/1/1988,15.394,15.038,1165.2,4.88,0.356,7.267,4.224,2.891,0.656
12/1/1988,16.437,16.098,1256.6,4.8,0.339,8.326,4.138,2.972,0.662
1/1/1989,15.372,15.017,1058.8,4.93,0.355,7.357,4.293,2.73,0.637
2/1/1989,14.991,14.668,1104.1,4.824,0.323,7.12,4.186,2.724,0.638
3/1/1989,14.662,14.362,1309.9,4.668,0.3,6.93,4.055,2.764,0.613
4/1/1989,16.024,15.698,1326.1,4.971,0.326,7.692,4.336,3.035,0.635
5/1/1989,15.267,14.942,1409.7,4.675,0.325,7.466,4.059,2.801,0.616
6/1/1989,14.384,14.065,1300.5,4.549,0.319,6.797,3.917,2.719,0.632
7/1/1989,14.695,14.389,1252.2,4.655,0.306,7.048,4.066,2.686,0.589
8/1/1989,16.547,16.234,1415,5.147,0.313,8.152,4.473,2.935,0.674
9/1/1989,15.66,15.361,1239.6,5.016,0.299,7.693,4.391,2.652,0.625
10/1/1989,13.581,13.27,1089.7,4.504,0.311,6.17,3.862,2.596,0.642
11/1/1989,13.37,13.068,1025.9,4.532,0.302,6.074,3.893,2.462,0.639
12/1/1989,13.55,13.273,989.2,4.554,0.277,6.438,3.948,2.281,0.606
1/1/1990,16.308,16.01,1139.5,5.59,0.298,7.786,4.954,2.634,0.636
2/1/1990,14.363,14.066,1052,4.587,0.297,6.881,3.989,2.598,0.598
3/1/1990,14.486,14.203,1269.9,4.69,0.283,6.884,4.056,2.629,0.634
4/1/1990,14.281,14.009,1201.5,4.604,0.272,6.866,4.011,2.539,0.593
5/1/1990,14.022,13.743,1307.5,4.614,0.279,6.692,3.923,2.437,0.691
6/1/1990,14.149,13.867,1281.4,4.642,0.282,6.748,3.945,2.477,0.697
7/1/1990,14.081,13.789,1218.3,4.646,0.292,6.779,4.103,2.364,0.543
8/1/1990,13.859,13.582,1173.4,4.39,0.277,6.877,3.804,2.315,0.586
9/1/1990,14.298,14.025,1123,4.366,0.273,7.408,3.841,2.251,0.525
10/1/1990,13.749,13.483,1145.1,4.328,0.266,6.928,3.74,2.227,0.588
11/1/1990,13.134,12.877,982.2,4.276,0.257,6.367,3.693,2.234,0.583
12/1/1990,12.958,12.702,965.9,4.021,0.256,6.547,3.466,2.134,0.555
1/1/1991,11.829,11.596,822.2,3.845,0.233,5.981,3.316,1.77,0.529
2/1/1991,12.409,12.175,910.6,3.994,0.234,6.158,3.449,2.023,0.545
3/1/1991,12.848,12.616,1083,4.061,0.232,6.319,3.535,2.236,0.526
4/1/1991,12.038,11.825,1039.6,3.958,0.213,5.724,3.419,2.143,0.539
5/1/1991,12.487,12.27,1155,4.079,0.217,6.104,3.522,2.087,0.557
6/1/1991,12.719,12.505,1156.7,4.184,0.214,6.277,3.641,2.044,0.543
7/1/1991,12.972,12.742,1164.2,4.189,0.23,6.463,3.625,2.09,0.564
8/1/1991,12.565,12.352,1045.5,4.146,0.213,6.167,3.592,2.039,0.554
9/1/1991,13.107,12.89,1044.4,4.563,0.217,6.204,4.052,2.123,0.511
10/1/1991,12.217,12.015,1029.5,3.962,0.202,6.019,3.447,2.034,0.515
11/1/1991,12.576,12.364,917.3,4.169,0.212,6.228,3.697,1.967,0.472
12/1/1991,12.658,12.42,941.4,4.52,0.238,5.998,4.044,1.902,0.476
1/1/1992,12.591,12.367,851.1,4.258,0.224,6.095,3.817,2.014,0.441
2/1/1992,12.927,12.698,971.7,4.324,0.229,6.242,3.893,2.132,0.431
3/1/1992,12.824,12.592,1108.2,4.406,0.232,6.164,3.967,2.022,0.439
4/1/1992,12.55,12.31,1121.9,4.416,0.24,5.966,3.99,1.928,0.426
5/1/1992,13.098,12.86,1149.9,4.618,0.238,6.275,4.223,1.967,0.395
6/1/1992,13.543,13.317,1275.1,4.738,0.226,6.51,4.34,2.069,0.398
7/1/1992,12.853,12.6,1135.7,4.433,0.253,6.379,4.049,1.788,0.384
8/1/1992,12.873,12.62,1044.7,4.739,0.253,6.058,4.418,1.823,0.321
9/1/1992,13.378,13.114,1073.6,4.927,0.264,6.325,4.546,1.862,0.381
10/1/1992,13.655,13.368,1107.4,5.087,0.287,6.392,4.712,1.889,0.375
11/1/1992,13.218,12.958,970.3,4.819,0.26,6.284,4.442,1.855,0.377
12/1/1992,13.784,13.514,1047.7,4.982,0.27,6.628,4.572,1.904,0.41
1/1/1993,13.457,13.193,897.2,4.883,0.264,6.49,4.507,1.82,0.376
2/1/1993,12.969,12.698,956.5,4.883,0.271,6.031,4.48,1.784,0.403
3/1/1993,13.326,13.041,1202.7,5.027,0.285,6.326,4.661,1.688,0.366
4/1/1993,14.527,14.235,1245.8,5.424,0.292,6.883,5.038,1.928,0.386
5/1/1993,14.519,14.212,1316.5,5.437,0.307,6.838,5.08,1.937,0.357
6/1/1993,14.49,14.188,1353.8,5.485,0.302,6.938,5.132,1.765,0.353
7/1/1993,14.451,14.143,1240.5,5.452,0.308,6.847,5.057,1.844,0.395
8/1/1993,13.584,13.276,1133.4,5.163,0.308,6.407,4.809,1.706,0.354
9/1/1993,13.99,13.676,1138.5,5.4,0.314,6.541,5.025,1.735,0.375
10/1/1993,14.911,14.603,1157,5.567,0.308,7.286,5.232,1.75,0.335
11/1/1993,14.882,14.539,1115.9,5.602,0.343,7.216,5.246,1.721,0.356
12/1/1993,15.004,14.679,1124.9,5.946,0.325,7.007,5.625,1.726,0.321
1/1/1994,15.379,15.035,1021.9,6.05,0.344,7.264,5.678,1.721,0.372
2/1/1994,15.52,15.194,1147.2,6.023,0.326,7.42,5.674,1.751,0.349
3/1/1994,15.301,14.974,1442,5.854,0.327,7.312,5.527,1.808,0.327
4/1/1994,16.013,15.68,1307.4,6.203,0.333,7.604,5.837,1.873,0.366
5/1/1994,14.577,14.249,1354,5.654,0.328,6.899,5.295,1.696,0.359
6/1/1994,15.109,14.763,1445.7,5.976,0.346,7.034,5.575,1.753,0.401
7/1/1994,14.875,14.522,1190.7,5.854,0.353,6.839,5.469,1.829,0.385
8/1/1994,15.359,14.989,1297.1,6.063,0.37,7.067,5.641,1.859,0.422
9/1/1994,15.274,14.911,1222.3,6.032,0.363,7.186,5.589,1.693,0.443
10/1/1994,15.894,15.517,1260.5,6.417,0.377,7.415,5.95,1.685,0.467
11/1/1994,15.89,15.5,1169.2,6.373,0.39,7.543,5.942,1.584,0.431
12/1/1994,15.584,15.196,1186.9,6.146,0.388,7.48,5.727,1.57,0.419
1/1/1995,14.801,14.363,1001,5.951,0.438,6.853,5.497,1.559,0.454
2/1/1995,14.861,14.457,1099.1,6.014,0.404,6.843,5.587,1.6,0.427
3/1/1995,15.256,14.865,1366.6,6.159,0.391,7.141,5.764,1.565,0.395
4/1/1995,14.378,13.98,1181.3,5.828,0.398,6.624,5.44,1.528,0.388
5/1/1995,14.806,14.418,1392.2,5.908,0.388,6.877,5.517,1.633,0.391
6/1/1995,15.407,15.019,1439.6,6.201,0.388,7.196,5.818,1.622,0.383
7/1/1995,14.7,14.326,1224.9,5.954,0.374,6.904,5.603,1.468,0.351
8/1/1995,15.368,15.006,1333.7,6.015,0.362,7.482,5.637,1.509,0.378
9/1/1995,15.338,14.959,1184.3,6.135,0.379,7.365,5.696,1.459,0.439
10/1/1995,14.861,14.47,1193,5.972,0.391,7.11,5.586,1.388,0.386
11/1/1995,15.38,15.012,1141.6,6.306,0.368,7.347,5.899,1.359,0.407
12/1/1995,16.262,15.862,1171.1,6.852,0.4,7.626,6.425,1.384,0.427
1/1/1996,14.812,14.449,1024.1,6.405,0.363,6.834,6.063,1.21,0.342
2/1/1996,15.587,15.215,1209.2,6.597,0.372,7.378,6.215,1.24,0.382
3/1/1996,16.044,15.679,1372.5,6.651,0.365,7.677,6.193,1.351,0.458
4/1/1996,15.466,15.112,1326.4,6.463,0.354,7.412,6.026,1.237,0.437
5/1/1996,15.993,15.624,1489,6.569,0.369,7.788,6.122,1.267,0.447
6/1/1996,15.256,14.864,1369,6.378,0.392,7.184,5.91,1.302,0.468
7/1/1996,15.074,14.7,1285,6.386,0.374,7.101,5.971,1.213,0.415
8/1/1996,15.486,15.128,1303.1,6.654,0.358,7.157,6.199,1.317,0.455
9/1/1996,15.534,15.184,1204,6.627,0.35,7.253,6.222,1.304,0.405
10/1/1996,15.308,14.972,1266.7,6.897,0.336,6.818,6.45,1.257,0.447
11/1/1996,15.712,15.392,1123.2,7.105,0.32,6.987,6.581,1.3,0.524
12/1/1996,15.183,14.849,1124.9,6.692,0.334,6.888,6.208,1.269,0.484
1/1/1997,15.682,15.332,1089.2,6.671,0.35,7.319,6.181,1.342,0.49
2/1/1997,15.271,14.916,1151.2,6.641,0.355,6.958,6.121,1.317,0.52
3/1/1997,15.816,15.444,1392.9,7.011,0.372,7.039,6.35,1.394,0.661
4/1/1997,15.058,14.694,1276.4,6.679,0.364,6.757,6.119,1.258,0.56
5/1/1997,15.088,14.717,1402.7,6.742,0.371,6.728,6.144,1.247,0.598
6/1/1997,14.524,14.18,1323.4,6.408,0.344,6.48,5.838,1.292,0.57
7/1/1997,15.568,15.194,1344.6,6.847,0.374,7.002,6.242,1.345,0.605
8/1/1997,16.148,15.765,1317.1,7.206,0.383,7.106,6.574,1.453,0.632
9/1/1997,15.096,14.711,1207.4,6.783,0.385,6.546,6.19,1.382,0.593
10/1/1997,15.431,15.036,1246.7,7.007,0.395,6.667,6.427,1.362,0.58
11/1/1997,15.825,15.421,1117.8,7.417,0.404,6.654,6.858,1.35,0.559
12/1/1997,16.474,16.059,1252.5,7.438,0.415,7.092,6.854,1.529,0.584
1/1/1998,14.789,14.4,1017.1,6.947,0.389,6.202,6.443,1.251,0.504
2/1/1998,15.232,14.839,1144,6.979,0.393,6.454,6.38,1.406,0.599
3/1/1998,15.405,15.001,1368.8,7.079,0.404,6.567,6.487,1.355,0.592
4/1/1998,15.923,15.521,1353.1,7.422,0.402,6.762,6.806,1.337,0.616
5/1/1998,17.057,16.649,1508.8,8.07,0.408,7.185,7.44,1.394,0.63
6/1/1998,16.771,16.378,1569.5,7.982,0.393,7.037,7.342,1.359,0.64
7/1/1998,14.668,14.255,1229.6,6.97,0.413,5.893,6.294,1.392,0.676
8/1/1998,14.796,14.358,1229.1,6.805,0.438,6.111,6.114,1.442,0.691
9/1/1998,16.313,15.862,1277.9,7.563,0.451,7.064,6.838,1.235,0.725
10/1/1998,17.131,16.679,1368.5,7.968,0.452,7.276,7.215,1.435,0.753
11/1/1998,16.118,15.631,1141.1,7.72,0.487,6.516,7.03,1.395,0.69
12/1/1998,17.409,16.943,1335.5,7.99,0.466,7.396,7.235,1.557,0.755
1/1/1999,16.593,16.094,1090.7,8.031,0.499,6.612,7.295,1.451,0.736
2/1/1999,17.097,16.566,1286.8,8.046,0.531,6.976,7.272,1.544,0.774
3/1/1999,16.832,16.332,1532.4,7.937,0.5,6.833,7.199,1.562,0.738
4/1/1999,16.929,16.422,1404.3,7.919,0.507,6.909,7.209,1.594,0.71
5/1/1999,17.564,17.059,1588.4,8.297,0.505,6.98,7.524,1.782,0.773
6/1/1999,17.346,16.839,1603.5,8.203,0.507,6.95,7.498,1.686,0.705
7/1/1999,17.688,17.171,1486.5,8.377,0.517,7.024,7.615,1.77,0.762
8/1/1999,17.641,17.121,1479.8,8.263,0.52,7.16,7.514,1.698,0.749
9/1/1999,17.662,17.116,1398.2,8.566,0.546,6.838,7.779,1.712,0.787
10/1/1999,17.684,17.139,1351.9,8.353,0.545,6.717,7.523,2.069,0.83
11/1/1999,17.62,17.072,1275.8,8.258,0.548,6.9,7.398,1.914,0.86
12/1/1999,18.322,17.793,1395.4,8.819,0.529,7.126,7.94,1.848,0.879
1/1/2000,18.635,18.114,1204.8,8.808,0.521,7.285,7.961,2.021,0.847
2/1/2000,19.401,18.879,1499.8,9.313,0.522,7.504,8.443,2.062,0.87
3/1/2000,18.343,17.822,1663.5,8.851,0.521,7.003,8.037,1.968,0.814
4/1/2000,17.939,17.442,1495.4,8.539,0.497,6.874,7.68,2.029,0.859
5/1/2000,17.943,17.467,1619.7,8.59,0.476,6.844,7.726,2.033,0.864
6/1/2000,17.596,17.078,1613.9,8.325,0.518,6.722,7.464,2.031,0.861
7/1/2000,17.316,16.851,1432,8.255,0.465,6.577,7.388,2.019,0.867
8/1/2000,17.531,17.09,1539.6,8.493,0.441,6.658,7.691,1.939,0.802
9/1/2000,18.654,18.245,1474.4,9.293,0.409,6.875,8.429,2.077,0.864
10/1/2000,17.514,17.117,1334,8.522,0.397,6.528,7.66,2.067,0.862
11/1/2000,16.634,16.259,1232.3,8.025,0.375,6.303,7.155,1.931,0.87
12/1/2000,16.222,15.831,1240.3,7.849,0.391,5.966,7.002,2.016,0.847
1/1/2001,17.652,17.251,1167.9,8.542,0.401,6.666,7.637,2.043,0.905
2/1/2001,17.826,17.433,1353.1,8.554,0.393,6.877,7.632,2.002,0.922
3/1/2001,17.248,16.868,1593.6,8.606,0.38,6.286,7.716,1.976,0.89
4/1/2001,16.872,16.531,1346.3,8.222,0.341,6.191,7.248,2.118,0.974
5/1/2001,16.876,16.503,1599.8,8.199,0.373,6.272,7.273,2.032,0.926
6/1/2001,17.464,17.104,1619.6,8.779,0.36,6.261,7.804,2.064,0.975
7/1/2001,16.463,16.123,1346.9,8.263,0.34,5.837,7.302,2.023,0.961
8/1/2001,16.348,16.016,1448.5,8.28,0.332,5.665,7.315,2.071,0.965
9/1/2001,16.365,16.056,1289.1,8.317,0.309,5.792,7.373,1.947,0.944
10/1/2001,22.055,21.709,1722.4,11.33,0.346,7.906,10.113,2.473,1.217
11/1/2001,18.031,17.725,1324.5,9.386,0.306,6.127,8.337,2.212,1.049
12/1/2001,16.465,16.147,1310.7,8.765,0.318,5.17,7.718,2.212,1.047
1/1/2002,16.523,16.22,1108.482,8.573,0.303,5.369,7.476,2.278,1.097
2/1/2002,17.304,17.005,1307.003,9.004,0.299,5.739,7.962,2.262,1.043
3/1/2002,17.107,16.788,1514.73,8.722,0.319,5.816,7.651,2.25,1.071
4/1/2002,17.668,17.343,1441.794,8.914,0.325,6.195,7.844,2.234,1.07
5/1/2002,16.197,15.844,1506.76,8.019,0.353,5.696,7.046,2.129,0.973
6/1/2002,16.953,16.626,1536.508,8.594,0.326,5.847,7.521,2.185,1.073
7/1/2002,18.147,17.829,1524.422,9.231,0.318,6.286,8.098,2.312,1.133
8/1/2002,18.449,18.105,1705.595,9.569,0.343,6.305,8.522,2.231,1.047
9/1/2002,16.665,16.326,1223.89,8.418,0.338,5.609,7.377,2.299,1.041
10/1/2002,16.259,15.923,1301.113,8.378,0.336,5.514,7.365,2.031,1.013
11/1/2002,16.52,16.195,1203.093,8.352,0.325,5.6,7.262,2.243,1.09
12/1/2002,17.866,17.593,1442.823,9.514,0.273,5.826,8.368,2.253,1.146
1/1/2003,16.708,16.426,1088.199,8.366,0.282,5.766,7.239,2.294,1.126
2/1/2003,16.114,15.814,1216.018,8.37,0.301,5.272,7.235,2.172,1.135
3/1/2003,16.467,16.173,1449.681,8.598,0.294,5.427,7.303,2.148,1.295
4/1/2003,16.751,16.433,1408.148,9.041,0.318,5.362,7.795,2.03,1.246
5/1/2003,16.47,16.152,1573.551,8.897,0.318,5.277,7.688,1.978,1.209
6/1/2003,17.013,16.686,1473.897,9.051,0.327,5.593,7.784,2.042,1.267
7/1/2003,17.117,16.777,1509.489,9.214,0.34,5.512,7.948,2.051,1.265
8/1/2003,18.262,17.931,1628.911,10.125,0.331,5.699,8.813,2.107,1.313
9/1/2003,17.286,16.945,1301.276,9.366,0.342,5.483,8.078,2.096,1.288
10/1/2003,16.489,16.143,1302.6,8.946,0.347,5.242,7.758,1.955,1.188
11/1/2003,17.563,17.197,1258.681,9.452,0.366,5.611,8.233,2.134,1.219
12/1/2003,17.357,16.992,1428.651,9.577,0.365,5.427,8.402,1.988,1.175
1/1/2004,16.695,16.304,1122.521,9.257,0.391,5.153,8.053,1.894,1.205
2/1/2004,17.032,16.634,1274.511,9.062,0.398,5.431,7.846,2.141,1.216
3/1/2004,17.247,16.837,1502.72,9.135,0.41,5.545,7.89,2.157,1.245
4/1/2004,16.898,16.493,1419.387,9.215,0.405,5.136,8.052,2.142,1.163
5/1/2004,18.186,17.759,1625.255,9.897,0.427,5.637,8.639,2.225,1.258
6/1/2004,16.173,15.761,1443.644,8.53,0.412,5.123,7.299,2.108,1.231
7/1/2004,17.309,16.87,1552.94,9.491,0.439,5.388,8.222,1.991,1.269
8/1/2004,17.157,16.717,1426.191,9.471,0.44,5.199,8.248,2.047,1.223
9/1/2004,17.875,17.432,1433.618,10.07,0.443,5.262,8.812,2.1,1.258
10/1/2004,17.514,17.056,1331.827,9.478,0.458,5.158,8.185,2.42,1.293
11/1/2004,17.362,16.912,1196.165,9.38,0.45,5.257,8.125,2.275,1.255
12/1/2004,18.102,17.627,1538.086,9.627,0.475,5.712,8.288,2.288,1.339
1/1/2005,16.889,16.37,1060.511,8.921,0.519,5.357,7.735,2.092,1.186
2/1/2005,16.886,16.403,1250.683,8.841,0.483,5.356,7.602,2.206,1.238
3/1/2005,17.413,16.93,1572.585,9.169,0.484,5.575,7.97,2.186,1.198
4/1/2005,17.756,17.274,1499.407,9.334,0.482,5.686,8.081,2.254,1.253
5/1/2005,17.414,16.928,1495.78,9.415,0.486,5.357,8.162,2.156,1.253
6/1/2005,18.482,17.967,1673.756,10.465,0.515,5.307,9.187,2.195,1.279
7/1/2005,21.135,20.607,1804.325,12.589,0.527,5.781,11.246,2.237,1.343
8/1/2005,17.418,16.917,1480.822,9.122,0.501,5.586,7.887,2.209,1.235
9/1/2005,16.927,16.427,1325.956,8.484,0.5,5.677,7.365,2.266,1.119
10/1/2005,15.336,14.847,1143.072,7.453,0.488,5.195,6.335,2.199,1.118
11/1/2005,16.524,16.022,1161.567,8.408,0.502,5.501,7.254,2.113,1.154
12/1/2005,17.174,16.688,1479.707,9.252,0.486,5.306,8.044,2.13,1.208
1/1/2006,18.081,17.572,1139.926,8.948,0.509,6.461,7.667,2.163,1.281
2/1/2006,17.071,16.515,1257.182,8.929,0.557,5.529,7.615,2.057,1.314
3/1/2006,16.96,16.409,1525.66,8.964,0.551,5.323,7.645,2.122,1.319
4/1/2006,17.127,16.568,1443.779,8.633,0.559,5.596,7.229,2.339,1.404
5/1/2006,16.729,16.17,1484.938,8.537,0.559,5.265,7.206,2.368,1.331
6/1/2006,16.9,16.352,1495.919,8.762,0.548,5.246,7.485,2.344,1.277
7/1/2006,17.662,17.125,1489.597,9.029,0.537,5.561,7.685,2.535,1.344
8/1/2006,16.458,15.901,1482.517,8.201,0.556,5.283,6.98,2.417,1.222
9/1/2006,16.974,16.419,1350.482,8.751,0.554,5.28,7.407,2.388,1.345
10/1/2006,16.865,16.322,1213.124,8.826,0.543,5.126,7.344,2.37,1.483
11/1/2006,16.657,16.128,1194.895,8.703,0.529,5.022,7.28,2.403,1.422
12/1/2006,17.107,16.569,1426.089,8.63,0.538,5.311,7.211,2.628,1.419
1/1/2007,16.896,16.402,1087.39,8.68,0.494,5.274,7.251,2.448,1.428
2/1/2007,17.169,16.704,1251.102,9.068,0.465,5.206,7.68,2.43,1.388
3/1/2007,16.438,16.015,1536.912,8.519,0.422,5.072,7.143,2.424,1.376
4/1/2007,16.615,16.215,1332.402,8.774,0.401,5.083,7.399,2.358,1.375
5/1/2007,16.661,16.296,1558.722,8.445,0.365,5.419,7.092,2.432,1.353
6/1/2007,16.179,15.823,1450.15,8.302,0.356,5.214,6.896,2.307,1.406
7/1/2007,15.837,15.499,1304.27,8.289,0.339,4.958,6.922,2.252,1.366
8/1/2007,16.379,16.034,1471.223,8.72,0.346,5.098,7.393,2.216,1.327
9/1/2007,16.532,16.2,1310.451,8.678,0.333,5.176,7.257,2.346,1.42
10/1/2007,16.455,16.127,1226.589,8.602,0.329,5.155,7.146,2.37,1.456
11/1/2007,16.354,16.038,1175.363,8.132,0.316,5.507,6.734,2.399,1.398
12/1/2007,16.03,15.718,1384.414,8.115,0.312,5.205,6.752,2.398,1.363
1/1/2008,15.705,15.383,1039.126,7.963,0.322,5.155,6.647,2.265,1.316
2/1/2008,15.491,15.166,1171.68,7.923,0.326,4.91,6.625,2.333,1.298
3/1/2008,15.114,14.795,1351.539,7.511,0.319,4.749,6.246,2.535,1.265
4/1/2008,14.605,14.268,1243.507,6.942,0.337,4.685,5.701,2.641,1.241
5/1/2008,14.697,14.364,1392.824,6.406,0.333,5.136,5.229,2.822,1.177
6/1/2008,14.377,14.065,1185.273,6.333,0.312,4.92,5.277,2.812,1.056
7/1/2008,13.006,12.715,1132.262,5.692,0.291,4.489,4.696,2.534,0.996
8/1/2008,14.119,13.834,1246.798,6.939,0.285,4.6,5.933,2.295,1.006
9/1/2008,12.961,12.688,962.306,6.302,0.273,4.446,5.256,1.94,1.046
10/1/2008,10.933,10.666,834.592,4.972,0.267,3.854,4.049,1.84,0.923
11/1/2008,10.526,10.255,743.609,5.133,0.27,3.402,4.22,1.72,0.913
12/1/2008,10.383,10.141,891.318,4.993,0.242,3.544,4.072,1.604,0.921
1/1/2009,9.786,9.573,654.893,5,0.212,2.9,4.015,1.673,0.986
2/1/2009,9.223,9.023,687.174,4.556,0.2,2.768,3.561,1.699,0.995
3/1/2009,9.748,9.552,855.181,4.751,0.196,3.035,3.823,1.766,0.928
4/1/2009,9.379,9.197,817.325,4.552,0.182,3.021,3.766,1.624,0.786
5/1/2009,10.176,9.996,923.902,5.032,0.18,3.214,4.168,1.75,0.864
6/1/2009,10.149,9.956,857.425,4.794,0.193,3.351,3.995,1.811,0.799
7/1/2009,11.566,11.37,995.699,5.126,0.196,4.148,4.23,2.096,0.896
8/1/2009,14.754,14.568,1260.07,6.363,0.186,5.43,5.171,2.775,1.191
9/1/2009,9.535,9.347,744.198,4.34,0.189,3.32,3.594,1.687,0.745
10/1/2009,10.576,10.371,835.691,4.964,0.206,3.644,4.192,1.763,0.771
11/1/2009,11.041,10.817,744.478,5.273,0.224,3.799,4.462,1.745,0.811
12/1/2009,11.284,11.06,1026.256,5.26,0.224,4.069,4.422,1.731,0.838
1/1/2010,10.893,10.669,696.571,5.252,0.224,3.623,4.461,1.794,0.79
2/1/2010,10.315,10.108,778.457,5.011,0.207,3.44,4.252,1.657,0.759
3/1/2010,11.772,11.553,1063.632,5.921,0.219,3.948,4.965,1.684,0.956
4/1/2010,11.454,11.249,980.424,5.765,0.204,3.816,4.923,1.668,0.842
5/1/2010,12.03,11.821,1100.755,6.097,0.209,3.951,5.258,1.773,0.84
6/1/2010,11.598,11.385,981.288,5.75,0.212,3.8,4.915,1.835,0.835
7/1/2010,11.948,11.715,1047.006,5.977,0.234,3.85,5.077,1.888,0.9
8/1/2010,12.014,11.802,994.326,6.016,0.212,3.776,5.064,2.01,0.952
9/1/2010,11.922,11.703,955.942,5.944,0.219,3.803,5.011,1.956,0.933
10/1/2010,12.414,12.199,946.613,6.435,0.216,3.755,5.461,2.009,0.974
11/1/2010,12.3,12.07,869.68,6.406,0.23,3.756,5.402,1.908,1.004
12/1/2010,12.605,12.383,1140.13,6.455,0.223,3.98,5.457,1.948,0.998
1/1/2011,12.806,12.547,818.138,6.747,0.259,3.913,5.727,1.887,1.02
2/1/2011,13.081,12.815,987.943,6.573,0.266,4.253,5.516,1.988,1.058
3/1/2011,13.259,12.984,1251.321,6.435,0.275,4.45,5.39,2.099,1.045
4/1/2011,13.326,13.037,1150.473,6.525,0.289,4.388,5.542,2.125,0.983
5/1/2011,12.28,11.98,1056.136,6.094,0.3,3.901,5.22,1.985,0.874
6/1/2011,11.886,11.581,1043.754,5.908,0.305,3.805,5.048,1.868,0.86
7/1/2011,12.72,12.419,1062.411,6.643,0.301,3.918,5.727,1.857,0.916
8/1/2011,12.604,12.277,1066.797,6.548,0.326,3.951,5.581,1.779,0.967
9/1/2011,13.356,13.026,1048.697,7.058,0.33,4.133,6.009,1.835,1.048
10/1/2011,13.73,13.391,1019.196,7.01,0.339,4.412,5.999,1.97,1.011
11/1/2011,13.743,13.406,1002.05,7.088,0.337,4.337,6.103,1.982,0.985
12/1/2011,13.798,13.455,1234.9,7.172,0.342,4.294,6.149,1.989,1.023
1/1/2012,14.395,14.058,913.876,6.984,0.337,4.925,5.915,2.149,1.069
2/1/2012,14.975,14.617,1148.86,6.931,0.358,5.326,5.883,2.36,1.048
3/1/2012,14.594,14.237,1402.165,6.894,0.357,5.17,5.844,2.174,1.05
4/1/2012,14.769,14.408,1175.666,7.083,0.361,5.123,6.001,2.202,1.082
5/1/2012,14.496,14.135,1338.04,7.152,0.361,4.986,6.068,1.997,1.084
6/1/2012,14.467,14.118,1279.747,7.216,0.35,4.907,6.16,1.995,1.056
7/1/2012,14.38,14.027,1142.849,7.111,0.353,4.902,6.063,2.014,1.048
8/1/2012,14.444,14.092,1274.98,7.087,0.353,5.043,6.106,1.962,0.982
9/1/2012,15.099,14.759,1179.645,7.381,0.34,5.219,6.305,2.159,1.076
10/1/2012,14.83,14.514,1090.298,7.249,0.316,5.114,6.259,2.151,0.99
11/1/2012,15.456,15.13,1144.02,7.581,0.327,5.334,6.465,2.215,1.116
12/1/2012,15.462,15.121,1343.057,7.597,0.341,5.397,6.469,2.127,1.128
1/1/2013,15.813,15.474,1040.808,7.65,0.339,5.684,6.523,2.141,1.127
2/1/2013,15.861,15.516,1193.022,7.756,0.345,5.585,6.589,2.175,1.167
3/1/2013,15.721,15.412,1453.654,7.925,0.309,5.476,6.751,2.011,1.174
4/1/2013,15.811,15.451,1283.203,7.973,0.36,5.455,6.8,2.023,1.173
5/1/2013,15.884,15.537,1442.909,8.097,0.347,5.371,6.855,2.069,1.242
6/1/2013,16.149,15.774,1394.274,8.134,0.375,5.514,6.869,2.126,1.266
7/1/2013,16.021,15.674,1306.247,8.01,0.347,5.463,6.715,2.2,1.295
8/1/2013,15.827,15.486,1498.663,7.873,0.341,5.325,6.631,2.288,1.242
9/1/2013,15.857,15.506,1124.263,7.905,0.351,5.405,6.643,2.196,1.262
10/1/2013,15.727,15.354,1201.662,7.9,0.373,5.29,6.594,2.163,1.306
11/1/2013,16.079,15.714,1243.666,8.129,0.364,5.376,6.823,2.209,1.306
12/1/2013,15.835,15.463,1347.73,7.972,0.372,5.253,6.662,2.238,1.31
1/1/2014,15.614,15.249,1016.377,8.049,0.365,5.133,6.813,2.067,1.236
2/1/2014,15.993,15.617,1194.307,8.364,0.376,5.145,7.022,2.108,1.342
3/1/2014,16.985,16.606,1530.482,8.917,0.379,5.491,7.462,2.198,1.455
4/1/2014,16.695,16.28,1373.829,8.705,0.415,5.413,7.36,2.161,1.346
5/1/2014,17.137,16.737,1610.603,8.925,0.4,5.601,7.59,2.212,1.335
6/1/2014,17.516,17.125,1417.619,8.959,0.392,5.949,7.583,2.216,1.376
7/1/2014,17.277,16.851,1437.616,8.922,0.426,5.733,7.534,2.196,1.389
8/1/2014,17.239,16.808,1571.672,8.74,0.431,5.957,7.313,2.11,1.427
9/1/2014,16.959,16.527,1235.539,8.901,0.432,5.65,7.466,1.976,1.435
10/1/2014,16.756,16.326,1273.698,8.663,0.431,5.718,7.32,1.945,1.343
11/1/2014,16.949,16.544,1294.106,8.908,0.405,5.732,7.592,1.904,1.316
12/1/2014,17.178,16.757,1496.342,8.876,0.421,5.796,7.557,2.086,1.319
1/1/2015,16.904,16.466,1147.175,9.084,0.438,5.462,7.702,1.92,1.382
2/1/2015,16.886,16.452,1253.893,9.247,0.434,5.278,7.759,1.927,1.488
3/1/2015,17.885,17.451,1541.583,9.676,0.434,5.65,8.023,2.125,1.652
4/1/2015,17.675,17.237,1443.104,9.733,0.438,5.546,8.028,1.958,1.705
5/1/2015,17.932,17.476,1631.342,9.74,0.457,5.782,8.046,1.954,1.694
6/1/2015,17.869,17.388,1475.152,9.726,0.481,5.697,7.935,1.965,1.791
7/1/2015,18.293,17.817,1506.171,10.132,0.477,5.812,8.294,1.873,1.838
8/1/2015,18.396,17.928,1559.304,10.214,0.468,5.771,8.317,1.943,1.897
9/1/2015,18.259,17.82,1437.411,10.299,0.439,5.61,8.465,1.911,1.833
10/1/2015,18.257,17.804,1447.51,10.248,0.453,5.682,8.225,1.874,2.022
11/1/2015,18.308,17.848,1323.498,10.474,0.459,5.516,8.42,1.858,2.055
12/1/2015,17.48,17.069,1630.148,9.98,0.411,5.336,7.954,1.753,2.026
1/1/2016,18.064,17.601,1157.424,10.421,0.463,5.439,8.454,1.742,1.966
2/1/2016,18.022,17.583,1341.147,10.419,0.439,5.375,8.454,1.788,1.966
3/1/2016,17.394,16.934,1573.686,10.048,0.46,5.12,8.107,1.766,1.941
4/1/2016,17.693,17.274,1489.698,10.437,0.419,5.044,8.361,1.793,2.076
5/1/2016,17.698,17.291,1518.708,10.408,0.407,5.119,8.123,1.764,2.284
6/1/2016,17.736,17.343,1513.137,10.524,0.393,5.079,8.297,1.739,2.227
7/1/2016,18.057,17.679,1516.672,10.802,0.378,5.173,8.538,1.703,2.264
8/1/2016,17.875,17.501,1506.234,10.715,0.375,5.112,8.487,1.674,2.227
9/1/2016,17.944,17.569,1429.708,10.657,0.375,5.215,8.479,1.697,2.178
10/1/2016,17.94,17.577,1367.172,10.924,0.362,4.988,8.805,1.666,2.119
11/1/2016,17.757,17.383,1369.623,10.701,0.375,4.998,8.469,1.683,2.232
12/1/2016,18.218,17.843,1681.568,11.049,0.375,5.085,8.66,1.709,2.389
1/1/2017,17.638,17.269,1138.597,11.006,0.368,4.629,8.659,1.635,2.347
2/1/2017,17.776,17.39,1324.108,11.121,0.386,4.666,8.833,1.603,2.288
3/1/2017,17.127,16.736,1547.519,10.612,0.391,4.594,8.381,1.53,2.231
4/1/2017,17.285,16.87,1417.698,10.654,0.415,4.766,8.341,1.449,2.313
5/1/2017,17.184,16.779,1509.312,10.746,0.404,4.629,8.352,1.404,2.394
6/1/2017,17.184,16.769,1465.144,10.918,0.415,4.487,8.51,1.364,2.408
7/1/2017,17.167,16.76,1408.64,10.803,0.407,4.539,8.421,1.418,2.382
8/1/2017,17.014,16.59,1473.894,10.641,0.424,4.511,8.323,1.438,2.318
9/1/2017,18.324,17.898,1517.076,11.535,0.426,4.828,8.973,1.534,2.562
10/1/2017,18.321,17.893,1349.155,11.669,0.428,4.727,9.167,1.497,2.503
11/1/2017,17.878,17.431,1389.195,11.418,0.447,4.502,8.89,1.511,2.528
12/1/2017,17.714,17.251,1596.021,11.542,0.463,4.237,8.972,1.472,2.57
1/1/2018,17.536,17.109,1151.011,11.652,0.427,4.139,8.982,1.319,2.67
2/1/2018,17.557,17.086,1293.763,11.584,0.472,4.193,8.847,1.309,2.736
3/1/2018,17.706,17.225,1647.09,11.857,0.481,4.114,9.093,1.254,2.763
4/1/2018,17.794,17.334,1353.546,12.011,0.46,4.094,9.172,1.23,2.839
5/1/2018,17.709,17.239,1586.493,11.864,0.471,4.097,9.039,1.278,2.825
6/1/2018,17.65,17.16,1543.716,11.935,0.49,4.031,9.079,1.194,2.855
7/1/2018,17.398,16.91,1362.964,11.737,0.488,4.048,9.039,1.125,2.698
8/1/2018,17.314,16.812,1482.215,11.753,0.501,3.915,9.16,1.144,2.594
9/1/2018,17.801,17.283,1432.136,12.063,0.519,3.987,9.289,1.233,2.774
10/1/2018,18.142,17.626,1360.281,12.062,0.516,4.385,9.352,1.18,2.709
11/1/2018,17.844,17.341,1382.553,12.119,0.503,4.049,9.357,1.172,2.762
12/1/2018,17.949,17.438,1617.778,12.285,0.511,3.992,9.499,1.161,2.786
1/1/2019,17.305,16.769,1133.157,11.522,0.536,4.062,8.9,1.185,2.622
2/1/2019,17.098,16.595,1251.513,11.806,0.503,3.641,9.102,1.149,2.704
3/1/2019,17.83,17.302,1598.811,12.329,0.527,3.799,9.679,1.174,2.65
4/1/2019,17.155,16.593,1326.555,11.791,0.562,3.606,9.335,1.196,2.456
5/1/2019,17.862,17.31,1581.479,12.525,0.552,3.548,9.941,1.237,2.584
6/1/2019,17.74,17.207,1509.674,12.334,0.533,3.569,9.828,1.304,2.506
7/1/2019,17.527,16.97,1396.46,12.323,0.557,3.421,9.776,1.227,2.547
8/1/2019,17.6,17.067,1638.722,12.485,0.534,3.402,9.848,1.179,2.637
9/1/2019,17.643,17.08,1267.15,12.496,0.563,3.466,9.842,1.118,2.654
10/1/2019,17.272,16.755,1333.995,12.334,0.518,3.284,9.642,1.137,2.692
11/1/2019,17.437,16.972,1403.153,12.568,0.465,3.313,9.884,1.091,2.683
12/1/2019,17.289,16.814,1512.243,12.341,0.475,3.416,9.697,1.056,2.644
1/1/2020,17.311,16.865,1135.947,12.506,0.447,3.303,9.867,1.056,2.639
2/1/2020,17.214,16.765,1349.97,12.504,0.449,3.216,9.853,1.045,2.651
3/1/2020,11.809,11.415,994.707,8.512,0.394,2.277,6.823,0.626,1.689
4/1/2020,9.089,8.743,717.039,6.769,0.346,1.496,5.294,0.478,1.475
5/1/2020,12.44,12.137,1121.308,9.463,0.304,1.893,7.088,0.781,2.376
6/1/2020,13.359,13.018,1100.508,10.133,0.342,2.079,7.449,0.806,2.684
7/1/2020,15.006,14.627,1236.302,11.129,0.379,2.661,8.542,0.838,2.586
8/1/2020,15.589,15.193,1325.144,11.629,0.395,2.747,9.161,0.817,2.468
